<?xml version="1.0" encoding="utf-8"?>
<extension version="3.0" type="plugin" group="system" method="upgrade">
	<name>PLG_KAZAAM</name>
	<creationDate>17th November 2015</creationDate>
	<author>Barnaby V. Dixon</author>
	<authorEmail>barnaby@php-web-design.com</authorEmail>
	<authorUrl>http://www.php-web-design.com</authorUrl>
	<copyright>(C) Barnaby Dixon 2011-2012 All rights reserved.</copyright>
	<version>1.0.9</version>
	<license>GNU/GPL</license>
	<description>PLG_KAZAAM_DESC</description>
	<install>
		<sql>
			<file driver="mysql" charset="utf8">sql/install.sql</file>
		</sql>
	</install>
    <update>
        <schemas> 
            <schemapath type="mysql">sql/updates</schemapath> 
        </schemas> 
    </update>
	<uninstall>
		<sql>
			<file driver="mysql" charset="utf8">sql/uninstall.sql</file>
		</sql>
	</uninstall>
	<files>
        <filename plugin="kazaam">kazaam.php</filename>
        <folder>kazaam</folder>
        <folder>language</folder>
        <folder>models</folder>
        <folder>resources</folder>
        <folder>sql</folder>
	</files>
	<languages>
		<language tag="en-GB">language/en-GB/en-GB.plg_system_kazaam.ini</language>
		<language tag="en-GB">language/en-GB/en-GB.plg_system_kazaam.sys.ini</language>
	</languages>
	<config>
		<fields name="params" addfieldpath="/plugins/system/kazaam/models/fields">
        <fieldset name="basic">
        <field name="name" type="text" default="Kazaam!" label="Menu name" description="Enter a name for your new menu" />
        <field name="categories" type="CategoryList" label="PLG_KAZAAM_CATS" description="PLG_KAZAAM_CATS_DESC" />
        <field name="cats" type="list" default="1" label="Create category items" description="Select Yes to create a new menu item for each selected category"><option value="1">PLG_KAZAAM_YES</option><option value="0">PLG_KAZAAM_NO</option></field>
        <field name="category_layout" type="list" default="blog" label="Category layout" description="Select the layout for your new category menu items"><option value="blog">Blog</option><option value="list">List</option></field>
        <field name="subcats" type="list" default="1" label="Add new subcategories" description="Select yes to automatically include new subcategories in this menu"><option value="1">PLG_KAZAAM_YES</option><option value="0">PLG_KAZAAM_NO</option></field>
		<field name="arts" type="list" default="1" label="PLG_KAZAAM_ARTICLES" description="PLG_KAZAAM_ARTICLES_DESC"><option value="0">PLG_KAZAAM_NO</option><option value="1">PLG_KAZAAM_YES</option></field>
        <field name="arts" type="list" default="1" label="PLG_KAZAAM_ARTICLES" description="PLG_KAZAAM_ARTICLES_DESC"><option value="1">PLG_KAZAAM_YES</option><option value="0">PLG_KAZAAM_NO</option></field>
        <field name="regen" type="RegenInput" />
        </fieldset>
		</fields>
	</config>
</extension>